"subject","value","name"
"subject1",131.280957613,"cond_rad_walkBlind_0.5.csv"
"subject10",89.7874836922,"cond_rad_walkBlind_0.5.csv"
"subject11",36.5613252785,"cond_rad_walkBlind_0.5.csv"
"subject12",43.4450981216,"cond_rad_walkBlind_0.5.csv"
"subject13",99.4174120588,"cond_rad_walkBlind_0.5.csv"
"subject14",26.9979336883,"cond_rad_walkBlind_0.5.csv"
"subject15",43.023197658,"cond_rad_walkBlind_0.5.csv"
"subject16",54.3380167688,"cond_rad_walkBlind_0.5.csv"
"subject18",71.4609612616,"cond_rad_walkBlind_0.5.csv"
"subject19",31.7145825094,"cond_rad_walkBlind_0.5.csv"
"subject2",41.8088796719,"cond_rad_walkBlind_0.5.csv"
"subject20",78.1703420395,"cond_rad_walkBlind_0.5.csv"
"subject21",47.3161251445,"cond_rad_walkBlind_0.5.csv"
"subject22",63.1358902703,"cond_rad_walkBlind_0.5.csv"
"subject23",146.354016063,"cond_rad_walkBlind_0.5.csv"
"subject24",94.716837925,"cond_rad_walkBlind_0.5.csv"
"subject25",102.653612781,"cond_rad_walkBlind_0.5.csv"
"subject26",46.9534140855,"cond_rad_walkBlind_0.5.csv"
"subject3",93.844371794,"cond_rad_walkBlind_0.5.csv"
"subject4",52.5813769352,"cond_rad_walkBlind_0.5.csv"
"subject5",20.8477672587,"cond_rad_walkBlind_0.5.csv"
"subject6",40.5737090929,"cond_rad_walkBlind_0.5.csv"
"subject7",82.4212414632,"cond_rad_walkBlind_0.5.csv"
"subject8",95.2977455789,"cond_rad_walkBlind_0.5.csv"
"subject9",164.569259734,"cond_rad_walkBlind_0.5.csv"
"subject1",136.456666723,"cond_rad_walkBlind_1.0.csv"
"subject10",77.8249751562,"cond_rad_walkBlind_1.0.csv"
"subject11",31.7566115805,"cond_rad_walkBlind_1.0.csv"
"subject12",52.6619440682,"cond_rad_walkBlind_1.0.csv"
"subject13",130.740758087,"cond_rad_walkBlind_1.0.csv"
"subject14",36.3735950862,"cond_rad_walkBlind_1.0.csv"
"subject15",82.1141587968,"cond_rad_walkBlind_1.0.csv"
"subject16",37.1191446521,"cond_rad_walkBlind_1.0.csv"
"subject18",56.777191275,"cond_rad_walkBlind_1.0.csv"
"subject19",40.9366350128,"cond_rad_walkBlind_1.0.csv"
"subject2",69.3821061525,"cond_rad_walkBlind_1.0.csv"
"subject20",77.8251777524,"cond_rad_walkBlind_1.0.csv"
"subject21",55.4470293906,"cond_rad_walkBlind_1.0.csv"
"subject22",78.2327058546,"cond_rad_walkBlind_1.0.csv"
"subject24",71.4616113082,"cond_rad_walkBlind_1.0.csv"
"subject25",76.3363251543,"cond_rad_walkBlind_1.0.csv"
"subject26",56.8383602735,"cond_rad_walkBlind_1.0.csv"
"subject3",117.041928826,"cond_rad_walkBlind_1.0.csv"
"subject4",46.2577418777,"cond_rad_walkBlind_1.0.csv"
"subject5",18.3770948451,"cond_rad_walkBlind_1.0.csv"
"subject6",55.7066166961,"cond_rad_walkBlind_1.0.csv"
"subject7",74.6412923743,"cond_rad_walkBlind_1.0.csv"
"subject8",85.8358756656,"cond_rad_walkBlind_1.0.csv"
"subject9",149.996092048,"cond_rad_walkBlind_1.0.csv"
"subject1",163.37188729,"cond_rad_walkBlind_1.5.csv"
"subject10",65.0736971341,"cond_rad_walkBlind_1.5.csv"
"subject11",52.5416852815,"cond_rad_walkBlind_1.5.csv"
"subject12",61.2028993663,"cond_rad_walkBlind_1.5.csv"
"subject13",149.231457229,"cond_rad_walkBlind_1.5.csv"
"subject14",16.1792943382,"cond_rad_walkBlind_1.5.csv"
"subject15",47.6580774917,"cond_rad_walkBlind_1.5.csv"
"subject16",67.776877435,"cond_rad_walkBlind_1.5.csv"
"subject18",27.9873883101,"cond_rad_walkBlind_1.5.csv"
"subject19",37.2787562436,"cond_rad_walkBlind_1.5.csv"
"subject2",71.9817847237,"cond_rad_walkBlind_1.5.csv"
"subject20",107.226413866,"cond_rad_walkBlind_1.5.csv"
"subject21",68.2840278955,"cond_rad_walkBlind_1.5.csv"
"subject22",134.733097886,"cond_rad_walkBlind_1.5.csv"
"subject24",84.8194946647,"cond_rad_walkBlind_1.5.csv"
"subject25",24.365226106,"cond_rad_walkBlind_1.5.csv"
"subject26",42.6693753477,"cond_rad_walkBlind_1.5.csv"
"subject3",100.556836126,"cond_rad_walkBlind_1.5.csv"
"subject4",48.9659476915,"cond_rad_walkBlind_1.5.csv"
"subject5",35.50061676,"cond_rad_walkBlind_1.5.csv"
"subject6",57.3466884296,"cond_rad_walkBlind_1.5.csv"
"subject7",70.4723511899,"cond_rad_walkBlind_1.5.csv"
"subject8",96.6393654025,"cond_rad_walkBlind_1.5.csv"
"subject9",162.36611069,"cond_rad_walkBlind_1.5.csv"
"subject1",133.531360445,"cond_rad_walkBlind_2.0.csv"
"subject10",77.2878901232,"cond_rad_walkBlind_2.0.csv"
"subject11",43.8951718652,"cond_rad_walkBlind_2.0.csv"
"subject12",74.6103117575,"cond_rad_walkBlind_2.0.csv"
"subject13",127.54190106,"cond_rad_walkBlind_2.0.csv"
"subject14",67.1645350571,"cond_rad_walkBlind_2.0.csv"
"subject15",67.962832551,"cond_rad_walkBlind_2.0.csv"
"subject16",60.3330063831,"cond_rad_walkBlind_2.0.csv"
"subject18",83.3011698303,"cond_rad_walkBlind_2.0.csv"
"subject19",42.2965512234,"cond_rad_walkBlind_2.0.csv"
"subject2",71.0715268742,"cond_rad_walkBlind_2.0.csv"
"subject20",91.8871906628,"cond_rad_walkBlind_2.0.csv"
"subject21",77.9760726102,"cond_rad_walkBlind_2.0.csv"
"subject22",97.5599063789,"cond_rad_walkBlind_2.0.csv"
"subject24",48.2320012656,"cond_rad_walkBlind_2.0.csv"
"subject25",71.6064400519,"cond_rad_walkBlind_2.0.csv"
"subject26",59.0954152391,"cond_rad_walkBlind_2.0.csv"
"subject3",155.312348742,"cond_rad_walkBlind_2.0.csv"
"subject4",57.4031152903,"cond_rad_walkBlind_2.0.csv"
"subject5",22.9122072149,"cond_rad_walkBlind_2.0.csv"
"subject6",53.5573123254,"cond_rad_walkBlind_2.0.csv"
"subject7",63.1207289348,"cond_rad_walkBlind_2.0.csv"
"subject8",109.932391487,"cond_rad_walkBlind_2.0.csv"
"subject9",154.851674896,"cond_rad_walkBlind_2.0.csv"
"subject1",151.204307595,"cond_rad_walkBlind_2.5.csv"
"subject10",41.4499885222,"cond_rad_walkBlind_2.5.csv"
"subject11",31.4959155933,"cond_rad_walkBlind_2.5.csv"
"subject12",86.5607718466,"cond_rad_walkBlind_2.5.csv"
"subject13",100.440465777,"cond_rad_walkBlind_2.5.csv"
"subject14",56.5791438612,"cond_rad_walkBlind_2.5.csv"
"subject15",80.1236080735,"cond_rad_walkBlind_2.5.csv"
"subject16",102.069665522,"cond_rad_walkBlind_2.5.csv"
"subject18",96.6397442607,"cond_rad_walkBlind_2.5.csv"
"subject19",73.45611739,"cond_rad_walkBlind_2.5.csv"
"subject2",82.8649109568,"cond_rad_walkBlind_2.5.csv"
"subject20",95.0714406029,"cond_rad_walkBlind_2.5.csv"
"subject21",30.9513994487,"cond_rad_walkBlind_2.5.csv"
"subject22",91.2513577868,"cond_rad_walkBlind_2.5.csv"
"subject24",42.9049582915,"cond_rad_walkBlind_2.5.csv"
"subject25",75.2334136636,"cond_rad_walkBlind_2.5.csv"
"subject26",16.5874759798,"cond_rad_walkBlind_2.5.csv"
"subject3",146.820757955,"cond_rad_walkBlind_2.5.csv"
"subject4",56.9211847577,"cond_rad_walkBlind_2.5.csv"
"subject5",36.8882618615,"cond_rad_walkBlind_2.5.csv"
"subject6",90.8291500792,"cond_rad_walkBlind_2.5.csv"
"subject7",48.4342457251,"cond_rad_walkBlind_2.5.csv"
"subject8",143.739663025,"cond_rad_walkBlind_2.5.csv"
"subject9",156.373880783,"cond_rad_walkBlind_2.5.csv"
"subject1",144.160905981,"cond_rad_walkBlind_3.0.csv"
"subject10",124.282988526,"cond_rad_walkBlind_3.0.csv"
"subject11",30.6660222601,"cond_rad_walkBlind_3.0.csv"
"subject12",54.7473382436,"cond_rad_walkBlind_3.0.csv"
"subject13",133.296378257,"cond_rad_walkBlind_3.0.csv"
"subject14",77.7109269303,"cond_rad_walkBlind_3.0.csv"
"subject15",75.3152802828,"cond_rad_walkBlind_3.0.csv"
"subject16",82.5635584275,"cond_rad_walkBlind_3.0.csv"
"subject18",105.252519862,"cond_rad_walkBlind_3.0.csv"
"subject19",51.6419330724,"cond_rad_walkBlind_3.0.csv"
"subject2",87.1403759565,"cond_rad_walkBlind_3.0.csv"
"subject20",109.987956556,"cond_rad_walkBlind_3.0.csv"
"subject21",60.2254401658,"cond_rad_walkBlind_3.0.csv"
"subject22",114.561429584,"cond_rad_walkBlind_3.0.csv"
"subject24",65.4182466402,"cond_rad_walkBlind_3.0.csv"
"subject25",76.0516963835,"cond_rad_walkBlind_3.0.csv"
"subject26",69.7024245193,"cond_rad_walkBlind_3.0.csv"
"subject3",170.521985391,"cond_rad_walkBlind_3.0.csv"
"subject4",57.8298706015,"cond_rad_walkBlind_3.0.csv"
"subject5",56.6341981534,"cond_rad_walkBlind_3.0.csv"
"subject6",83.2350671704,"cond_rad_walkBlind_3.0.csv"
"subject7",46.8614248811,"cond_rad_walkBlind_3.0.csv"
"subject8",105.03330676,"cond_rad_walkBlind_3.0.csv"
"subject9",140.781389361,"cond_rad_walkBlind_3.0.csv"
"subject1",104.781411968,"cond_rad_walkVision_0.5.csv"
"subject10",93.380443963,"cond_rad_walkVision_0.5.csv"
"subject11",17.7810924273,"cond_rad_walkVision_0.5.csv"
"subject12",23.4846969301,"cond_rad_walkVision_0.5.csv"
"subject13",74.9427286968,"cond_rad_walkVision_0.5.csv"
"subject14",36.7220257687,"cond_rad_walkVision_0.5.csv"
"subject15",52.3749054843,"cond_rad_walkVision_0.5.csv"
"subject16",48.3471915687,"cond_rad_walkVision_0.5.csv"
"subject18",70.8294540335,"cond_rad_walkVision_0.5.csv"
"subject19",21.2149542187,"cond_rad_walkVision_0.5.csv"
"subject2",127.50517478,"cond_rad_walkVision_0.5.csv"
"subject20",54.9063024268,"cond_rad_walkVision_0.5.csv"
"subject21",100.420101142,"cond_rad_walkVision_0.5.csv"
"subject22",58.5082969335,"cond_rad_walkVision_0.5.csv"
"subject24",78.7556861752,"cond_rad_walkVision_0.5.csv"
"subject25",26.370504105,"cond_rad_walkVision_0.5.csv"
"subject26",77.2112098688,"cond_rad_walkVision_0.5.csv"
"subject3",37.4717220129,"cond_rad_walkVision_0.5.csv"
"subject4",19.7989893323,"cond_rad_walkVision_0.5.csv"
"subject5",17.0660293397,"cond_rad_walkVision_0.5.csv"
"subject6",63.0522807295,"cond_rad_walkVision_0.5.csv"
"subject7",59.3967177227,"cond_rad_walkVision_0.5.csv"
"subject8",77.8891296923,"cond_rad_walkVision_0.5.csv"
"subject9",160.801565206,"cond_rad_walkVision_0.5.csv"
"subject1",107.602783719,"cond_rad_walkVision_1.0.csv"
"subject10",73.6474488989,"cond_rad_walkVision_1.0.csv"
"subject11",18.7236904715,"cond_rad_walkVision_1.0.csv"
"subject12",20.7831222643,"cond_rad_walkVision_1.0.csv"
"subject13",73.8773383276,"cond_rad_walkVision_1.0.csv"
"subject14",37.9631262769,"cond_rad_walkVision_1.0.csv"
"subject15",48.4884082579,"cond_rad_walkVision_1.0.csv"
"subject16",41.9163689442,"cond_rad_walkVision_1.0.csv"
"subject18",42.4893927882,"cond_rad_walkVision_1.0.csv"
"subject19",37.3236228679,"cond_rad_walkVision_1.0.csv"
"subject2",42.8212712863,"cond_rad_walkVision_1.0.csv"
"subject20",70.7438675859,"cond_rad_walkVision_1.0.csv"
"subject21",75.913057662,"cond_rad_walkVision_1.0.csv"
"subject22",82.0748834397,"cond_rad_walkVision_1.0.csv"
"subject24",75.6484750243,"cond_rad_walkVision_1.0.csv"
"subject25",67.9450293393,"cond_rad_walkVision_1.0.csv"
"subject26",41.989969396,"cond_rad_walkVision_1.0.csv"
"subject3",44.820962734,"cond_rad_walkVision_1.0.csv"
"subject4",18.1501193645,"cond_rad_walkVision_1.0.csv"
"subject5",12.4143975689,"cond_rad_walkVision_1.0.csv"
"subject6",44.1456817127,"cond_rad_walkVision_1.0.csv"
"subject7",68.400159322,"cond_rad_walkVision_1.0.csv"
"subject8",50.0832073997,"cond_rad_walkVision_1.0.csv"
"subject9",159.356520548,"cond_rad_walkVision_1.0.csv"
"subject1",97.3366863875,"cond_rad_walkVision_1.5.csv"
"subject10",62.8212726208,"cond_rad_walkVision_1.5.csv"
"subject11",35.375224877,"cond_rad_walkVision_1.5.csv"
"subject12",18.3633560759,"cond_rad_walkVision_1.5.csv"
"subject13",98.231177745,"cond_rad_walkVision_1.5.csv"
"subject14",26.6835408055,"cond_rad_walkVision_1.5.csv"
"subject15",62.877189407,"cond_rad_walkVision_1.5.csv"
"subject16",31.9594689554,"cond_rad_walkVision_1.5.csv"
"subject18",59.789746542,"cond_rad_walkVision_1.5.csv"
"subject19",52.4116010461,"cond_rad_walkVision_1.5.csv"
"subject2",43.758443919,"cond_rad_walkVision_1.5.csv"
"subject20",86.1900774026,"cond_rad_walkVision_1.5.csv"
"subject21",27.5993497532,"cond_rad_walkVision_1.5.csv"
"subject22",60.1621691311,"cond_rad_walkVision_1.5.csv"
"subject24",67.7509800412,"cond_rad_walkVision_1.5.csv"
"subject25",7.23834978729,"cond_rad_walkVision_1.5.csv"
"subject26",66.994501663,"cond_rad_walkVision_1.5.csv"
"subject3",54.3406175927,"cond_rad_walkVision_1.5.csv"
"subject4",45.4765044302,"cond_rad_walkVision_1.5.csv"
"subject5",13.115529042,"cond_rad_walkVision_1.5.csv"
"subject6",46.5600688467,"cond_rad_walkVision_1.5.csv"
"subject7",36.0312688212,"cond_rad_walkVision_1.5.csv"
"subject8",61.4368461478,"cond_rad_walkVision_1.5.csv"
"subject9",143.465392481,"cond_rad_walkVision_1.5.csv"
"subject1",116.300832297,"cond_rad_walkVision_2.0.csv"
"subject10",61.9435268474,"cond_rad_walkVision_2.0.csv"
"subject11",45.0348016934,"cond_rad_walkVision_2.0.csv"
"subject12",66.4621154204,"cond_rad_walkVision_2.0.csv"
"subject13",77.0487110129,"cond_rad_walkVision_2.0.csv"
"subject14",43.1957535137,"cond_rad_walkVision_2.0.csv"
"subject15",44.7854922685,"cond_rad_walkVision_2.0.csv"
"subject16",43.8266569756,"cond_rad_walkVision_2.0.csv"
"subject18",60.2740827073,"cond_rad_walkVision_2.0.csv"
"subject19",57.9990658953,"cond_rad_walkVision_2.0.csv"
"subject2",61.6752583244,"cond_rad_walkVision_2.0.csv"
"subject20",84.8567128422,"cond_rad_walkVision_2.0.csv"
"subject21",53.9689013688,"cond_rad_walkVision_2.0.csv"
"subject22",62.0987061686,"cond_rad_walkVision_2.0.csv"
"subject24",33.6075956185,"cond_rad_walkVision_2.0.csv"
"subject25",108.020349814,"cond_rad_walkVision_2.0.csv"
"subject26",42.0625935932,"cond_rad_walkVision_2.0.csv"
"subject3",59.6628704591,"cond_rad_walkVision_2.0.csv"
"subject4",21.9002662598,"cond_rad_walkVision_2.0.csv"
"subject5",9.30814002763,"cond_rad_walkVision_2.0.csv"
"subject6",47.8408796805,"cond_rad_walkVision_2.0.csv"
"subject7",52.5207427736,"cond_rad_walkVision_2.0.csv"
"subject8",50.4112369425,"cond_rad_walkVision_2.0.csv"
"subject9",160.619317731,"cond_rad_walkVision_2.0.csv"
"subject1",130.250119738,"cond_rad_walkVision_2.5.csv"
"subject10",93.5692174722,"cond_rad_walkVision_2.5.csv"
"subject11",41.5431975277,"cond_rad_walkVision_2.5.csv"
"subject12",41.5441436604,"cond_rad_walkVision_2.5.csv"
"subject13",69.2066532852,"cond_rad_walkVision_2.5.csv"
"subject14",73.7144221688,"cond_rad_walkVision_2.5.csv"
"subject15",22.1704414714,"cond_rad_walkVision_2.5.csv"
"subject16",33.9110644211,"cond_rad_walkVision_2.5.csv"
"subject18",35.9747682178,"cond_rad_walkVision_2.5.csv"
"subject19",61.2995137018,"cond_rad_walkVision_2.5.csv"
"subject2",55.008752169,"cond_rad_walkVision_2.5.csv"
"subject20",83.5411748905,"cond_rad_walkVision_2.5.csv"
"subject21",61.6711488468,"cond_rad_walkVision_2.5.csv"
"subject22",54.6385213431,"cond_rad_walkVision_2.5.csv"
"subject24",41.4059031607,"cond_rad_walkVision_2.5.csv"
"subject25",72.657877601,"cond_rad_walkVision_2.5.csv"
"subject26",31.5581773812,"cond_rad_walkVision_2.5.csv"
"subject3",45.1261343755,"cond_rad_walkVision_2.5.csv"
"subject4",27.0900421627,"cond_rad_walkVision_2.5.csv"
"subject5",16.6256837532,"cond_rad_walkVision_2.5.csv"
"subject6",36.8030318686,"cond_rad_walkVision_2.5.csv"
"subject7",43.9237327658,"cond_rad_walkVision_2.5.csv"
"subject8",82.521695187,"cond_rad_walkVision_2.5.csv"
"subject9",165.50673675,"cond_rad_walkVision_2.5.csv"
"subject1",127.297619966,"cond_rad_walkVision_3.0.csv"
"subject10",97.0281983358,"cond_rad_walkVision_3.0.csv"
"subject11",54.9743045363,"cond_rad_walkVision_3.0.csv"
"subject12",70.7686036977,"cond_rad_walkVision_3.0.csv"
"subject13",69.8265561339,"cond_rad_walkVision_3.0.csv"
"subject14",41.7044866182,"cond_rad_walkVision_3.0.csv"
"subject15",38.7074228803,"cond_rad_walkVision_3.0.csv"
"subject16",49.0712815675,"cond_rad_walkVision_3.0.csv"
"subject18",47.5781779599,"cond_rad_walkVision_3.0.csv"
"subject19",58.7196275092,"cond_rad_walkVision_3.0.csv"
"subject2",89.6721962557,"cond_rad_walkVision_3.0.csv"
"subject20",78.3699005162,"cond_rad_walkVision_3.0.csv"
"subject21",34.6420861682,"cond_rad_walkVision_3.0.csv"
"subject22",49.6215428157,"cond_rad_walkVision_3.0.csv"
"subject24",62.2269978704,"cond_rad_walkVision_3.0.csv"
"subject25",97.5035451276,"cond_rad_walkVision_3.0.csv"
"subject26",62.2740667499,"cond_rad_walkVision_3.0.csv"
"subject3",61.7454546716,"cond_rad_walkVision_3.0.csv"
"subject4",34.307830556,"cond_rad_walkVision_3.0.csv"
"subject5",17.8737124511,"cond_rad_walkVision_3.0.csv"
"subject6",33.255328952,"cond_rad_walkVision_3.0.csv"
"subject7",56.8003994071,"cond_rad_walkVision_3.0.csv"
"subject8",49.0610363517,"cond_rad_walkVision_3.0.csv"
"subject9",151.297833135,"cond_rad_walkVision_3.0.csv"
"subject1",31.8660622632,"cond_rad_wheelBlind_0.5.csv"
"subject10",50.1268536561,"cond_rad_wheelBlind_0.5.csv"
"subject11",49.3874319318,"cond_rad_wheelBlind_0.5.csv"
"subject12",45.1324165787,"cond_rad_wheelBlind_0.5.csv"
"subject13",124.743565599,"cond_rad_wheelBlind_0.5.csv"
"subject14",67.7464831801,"cond_rad_wheelBlind_0.5.csv"
"subject15",56.0584536751,"cond_rad_wheelBlind_0.5.csv"
"subject16",44.3974077665,"cond_rad_wheelBlind_0.5.csv"
"subject18",113.140217631,"cond_rad_wheelBlind_0.5.csv"
"subject19",27.1742464933,"cond_rad_wheelBlind_0.5.csv"
"subject2",70.3121803463,"cond_rad_wheelBlind_0.5.csv"
"subject20",140.793245313,"cond_rad_wheelBlind_0.5.csv"
"subject21",92.7800896805,"cond_rad_wheelBlind_0.5.csv"
"subject22",118.074286852,"cond_rad_wheelBlind_0.5.csv"
"subject23",116.26826373,"cond_rad_wheelBlind_0.5.csv"
"subject24",148.37485448,"cond_rad_wheelBlind_0.5.csv"
"subject25",46.1885407835,"cond_rad_wheelBlind_0.5.csv"
"subject26",88.3709092045,"cond_rad_wheelBlind_0.5.csv"
"subject3",101.825688059,"cond_rad_wheelBlind_0.5.csv"
"subject4",43.3650536857,"cond_rad_wheelBlind_0.5.csv"
"subject5",29.7200869135,"cond_rad_wheelBlind_0.5.csv"
"subject6",36.836066963,"cond_rad_wheelBlind_0.5.csv"
"subject7",68.2007500557,"cond_rad_wheelBlind_0.5.csv"
"subject8",71.888072278,"cond_rad_wheelBlind_0.5.csv"
"subject9",153.751336896,"cond_rad_wheelBlind_0.5.csv"
"subject1",133.751352079,"cond_rad_wheelBlind_1.0.csv"
"subject10",68.0096814481,"cond_rad_wheelBlind_1.0.csv"
"subject11",50.8866938116,"cond_rad_wheelBlind_1.0.csv"
"subject12",48.014687171,"cond_rad_wheelBlind_1.0.csv"
"subject13",128.350622574,"cond_rad_wheelBlind_1.0.csv"
"subject14",53.6312650492,"cond_rad_wheelBlind_1.0.csv"
"subject15",100.018963539,"cond_rad_wheelBlind_1.0.csv"
"subject16",54.0872618587,"cond_rad_wheelBlind_1.0.csv"
"subject18",111.149160306,"cond_rad_wheelBlind_1.0.csv"
"subject19",77.2282727074,"cond_rad_wheelBlind_1.0.csv"
"subject2",96.2311046086,"cond_rad_wheelBlind_1.0.csv"
"subject20",103.496467642,"cond_rad_wheelBlind_1.0.csv"
"subject21",58.4383641739,"cond_rad_wheelBlind_1.0.csv"
"subject22",129.619273453,"cond_rad_wheelBlind_1.0.csv"
"subject23",102.360969344,"cond_rad_wheelBlind_1.0.csv"
"subject24",152.690650726,"cond_rad_wheelBlind_1.0.csv"
"subject25",97.5764193005,"cond_rad_wheelBlind_1.0.csv"
"subject26",102.516011108,"cond_rad_wheelBlind_1.0.csv"
"subject3",136.642386173,"cond_rad_wheelBlind_1.0.csv"
"subject4",75.2394786959,"cond_rad_wheelBlind_1.0.csv"
"subject5",29.9648888239,"cond_rad_wheelBlind_1.0.csv"
"subject6",59.3050183575,"cond_rad_wheelBlind_1.0.csv"
"subject7",83.686974418,"cond_rad_wheelBlind_1.0.csv"
"subject8",97.6014664311,"cond_rad_wheelBlind_1.0.csv"
"subject9",155.469477474,"cond_rad_wheelBlind_1.0.csv"
"subject1",159.286205158,"cond_rad_wheelBlind_1.5.csv"
"subject10",103.486857773,"cond_rad_wheelBlind_1.5.csv"
"subject11",40.6135115148,"cond_rad_wheelBlind_1.5.csv"
"subject12",87.9611457238,"cond_rad_wheelBlind_1.5.csv"
"subject13",110.364693166,"cond_rad_wheelBlind_1.5.csv"
"subject14",33.165000147,"cond_rad_wheelBlind_1.5.csv"
"subject15",114.895160997,"cond_rad_wheelBlind_1.5.csv"
"subject16",29.9240635855,"cond_rad_wheelBlind_1.5.csv"
"subject18",98.880810435,"cond_rad_wheelBlind_1.5.csv"
"subject19",16.3707651892,"cond_rad_wheelBlind_1.5.csv"
"subject2",66.7210012209,"cond_rad_wheelBlind_1.5.csv"
"subject20",56.0770533391,"cond_rad_wheelBlind_1.5.csv"
"subject21",113.257745922,"cond_rad_wheelBlind_1.5.csv"
"subject22",110.314724329,"cond_rad_wheelBlind_1.5.csv"
"subject23",31.351479941,"cond_rad_wheelBlind_1.5.csv"
"subject24",119.136925163,"cond_rad_wheelBlind_1.5.csv"
"subject25",142.532224213,"cond_rad_wheelBlind_1.5.csv"
"subject26",104.162012009,"cond_rad_wheelBlind_1.5.csv"
"subject3",142.248094767,"cond_rad_wheelBlind_1.5.csv"
"subject4",110.240368915,"cond_rad_wheelBlind_1.5.csv"
"subject5",44.9656159697,"cond_rad_wheelBlind_1.5.csv"
"subject6",94.9861757212,"cond_rad_wheelBlind_1.5.csv"
"subject7",30.563096637,"cond_rad_wheelBlind_1.5.csv"
"subject8",126.303181259,"cond_rad_wheelBlind_1.5.csv"
"subject9",153.114567034,"cond_rad_wheelBlind_1.5.csv"
"subject1",152.716777431,"cond_rad_wheelBlind_2.0.csv"
"subject10",113.935230059,"cond_rad_wheelBlind_2.0.csv"
"subject11",78.9471829566,"cond_rad_wheelBlind_2.0.csv"
"subject12",69.1185052423,"cond_rad_wheelBlind_2.0.csv"
"subject13",129.078935601,"cond_rad_wheelBlind_2.0.csv"
"subject14",62.0124633094,"cond_rad_wheelBlind_2.0.csv"
"subject15",95.590155263,"cond_rad_wheelBlind_2.0.csv"
"subject16",70.6112090391,"cond_rad_wheelBlind_2.0.csv"
"subject18",105.83622911,"cond_rad_wheelBlind_2.0.csv"
"subject19",35.8239300982,"cond_rad_wheelBlind_2.0.csv"
"subject2",53.2528273808,"cond_rad_wheelBlind_2.0.csv"
"subject20",81.9917858746,"cond_rad_wheelBlind_2.0.csv"
"subject21",72.8788788841,"cond_rad_wheelBlind_2.0.csv"
"subject22",131.267711619,"cond_rad_wheelBlind_2.0.csv"
"subject23",151.589173832,"cond_rad_wheelBlind_2.0.csv"
"subject24",105.019096466,"cond_rad_wheelBlind_2.0.csv"
"subject25",90.2757798578,"cond_rad_wheelBlind_2.0.csv"
"subject26",77.3987298426,"cond_rad_wheelBlind_2.0.csv"
"subject3",154.777881809,"cond_rad_wheelBlind_2.0.csv"
"subject4",98.4435465552,"cond_rad_wheelBlind_2.0.csv"
"subject5",47.4900047935,"cond_rad_wheelBlind_2.0.csv"
"subject6",46.7035099103,"cond_rad_wheelBlind_2.0.csv"
"subject7",83.3835602357,"cond_rad_wheelBlind_2.0.csv"
"subject8",111.783732825,"cond_rad_wheelBlind_2.0.csv"
"subject9",147.946992775,"cond_rad_wheelBlind_2.0.csv"
"subject1",148.678896526,"cond_rad_wheelBlind_2.5.csv"
"subject10",108.566935224,"cond_rad_wheelBlind_2.5.csv"
"subject11",79.83875613,"cond_rad_wheelBlind_2.5.csv"
"subject12",73.7989779658,"cond_rad_wheelBlind_2.5.csv"
"subject13",155.112729314,"cond_rad_wheelBlind_2.5.csv"
"subject14",100.968447818,"cond_rad_wheelBlind_2.5.csv"
"subject15",85.8733846448,"cond_rad_wheelBlind_2.5.csv"
"subject16",74.2021950121,"cond_rad_wheelBlind_2.5.csv"
"subject18",124.170680979,"cond_rad_wheelBlind_2.5.csv"
"subject19",62.6669618214,"cond_rad_wheelBlind_2.5.csv"
"subject2",93.1565125235,"cond_rad_wheelBlind_2.5.csv"
"subject20",73.9152115772,"cond_rad_wheelBlind_2.5.csv"
"subject21",41.2607678647,"cond_rad_wheelBlind_2.5.csv"
"subject22",171.966820946,"cond_rad_wheelBlind_2.5.csv"
"subject24",96.8707729928,"cond_rad_wheelBlind_2.5.csv"
"subject25",118.605524649,"cond_rad_wheelBlind_2.5.csv"
"subject26",83.7584798455,"cond_rad_wheelBlind_2.5.csv"
"subject3",133.496392177,"cond_rad_wheelBlind_2.5.csv"
"subject4",89.114404326,"cond_rad_wheelBlind_2.5.csv"
"subject5",28.4272636977,"cond_rad_wheelBlind_2.5.csv"
"subject6",42.1373660242,"cond_rad_wheelBlind_2.5.csv"
"subject7",86.5001665998,"cond_rad_wheelBlind_2.5.csv"
"subject8",124.235033615,"cond_rad_wheelBlind_2.5.csv"
"subject9",158.318859791,"cond_rad_wheelBlind_2.5.csv"
"subject1",143.202829955,"cond_rad_wheelBlind_3.0.csv"
"subject10",106.212836888,"cond_rad_wheelBlind_3.0.csv"
"subject11",37.1738858323,"cond_rad_wheelBlind_3.0.csv"
"subject12",109.341275958,"cond_rad_wheelBlind_3.0.csv"
"subject13",133.019670577,"cond_rad_wheelBlind_3.0.csv"
"subject14",87.816113044,"cond_rad_wheelBlind_3.0.csv"
"subject15",123.097823305,"cond_rad_wheelBlind_3.0.csv"
"subject16",87.1625044614,"cond_rad_wheelBlind_3.0.csv"
"subject18",128.036584822,"cond_rad_wheelBlind_3.0.csv"
"subject19",82.4485501609,"cond_rad_wheelBlind_3.0.csv"
"subject2",94.0636108627,"cond_rad_wheelBlind_3.0.csv"
"subject20",68.06495589,"cond_rad_wheelBlind_3.0.csv"
"subject21",98.7089815786,"cond_rad_wheelBlind_3.0.csv"
"subject22",144.695189762,"cond_rad_wheelBlind_3.0.csv"
"subject23",134.07873168,"cond_rad_wheelBlind_3.0.csv"
"subject24",101.098561294,"cond_rad_wheelBlind_3.0.csv"
"subject25",72.2717688443,"cond_rad_wheelBlind_3.0.csv"
"subject26",123.29432978,"cond_rad_wheelBlind_3.0.csv"
"subject3",134.289915533,"cond_rad_wheelBlind_3.0.csv"
"subject4",108.768821362,"cond_rad_wheelBlind_3.0.csv"
"subject5",70.8205721306,"cond_rad_wheelBlind_3.0.csv"
"subject6",94.3697931626,"cond_rad_wheelBlind_3.0.csv"
"subject7",46.5299154961,"cond_rad_wheelBlind_3.0.csv"
"subject8",122.704668384,"cond_rad_wheelBlind_3.0.csv"
"subject9",134.166191879,"cond_rad_wheelBlind_3.0.csv"
"subject1",144.539845478,"cond_rad_wheelVision_0.5.csv"
"subject10",49.0094696549,"cond_rad_wheelVision_0.5.csv"
"subject11",52.5388607715,"cond_rad_wheelVision_0.5.csv"
"subject12",48.7960654582,"cond_rad_wheelVision_0.5.csv"
"subject13",131.217235997,"cond_rad_wheelVision_0.5.csv"
"subject14",33.3067116755,"cond_rad_wheelVision_0.5.csv"
"subject15",77.143441262,"cond_rad_wheelVision_0.5.csv"
"subject16",37.4627231577,"cond_rad_wheelVision_0.5.csv"
"subject18",108.018817569,"cond_rad_wheelVision_0.5.csv"
"subject19",18.5859510711,"cond_rad_wheelVision_0.5.csv"
"subject2",72.7075207773,"cond_rad_wheelVision_0.5.csv"
"subject20",68.9780173323,"cond_rad_wheelVision_0.5.csv"
"subject21",43.1932963358,"cond_rad_wheelVision_0.5.csv"
"subject22",67.986779187,"cond_rad_wheelVision_0.5.csv"
"subject23",84.1722920317,"cond_rad_wheelVision_0.5.csv"
"subject24",155.815860389,"cond_rad_wheelVision_0.5.csv"
"subject25",42.7060568178,"cond_rad_wheelVision_0.5.csv"
"subject26",98.2590884008,"cond_rad_wheelVision_0.5.csv"
"subject3",27.1997027435,"cond_rad_wheelVision_0.5.csv"
"subject4",99.3624436755,"cond_rad_wheelVision_0.5.csv"
"subject5",39.9242122353,"cond_rad_wheelVision_0.5.csv"
"subject6",59.025544586,"cond_rad_wheelVision_0.5.csv"
"subject7",102.335058836,"cond_rad_wheelVision_0.5.csv"
"subject8",68.1145540191,"cond_rad_wheelVision_0.5.csv"
"subject9",159.312356732,"cond_rad_wheelVision_0.5.csv"
"subject1",137.23713963,"cond_rad_wheelVision_1.0.csv"
"subject10",74.7498215766,"cond_rad_wheelVision_1.0.csv"
"subject11",36.0367908971,"cond_rad_wheelVision_1.0.csv"
"subject12",41.6316918998,"cond_rad_wheelVision_1.0.csv"
"subject13",107.987885498,"cond_rad_wheelVision_1.0.csv"
"subject14",66.6471378231,"cond_rad_wheelVision_1.0.csv"
"subject15",34.7841027776,"cond_rad_wheelVision_1.0.csv"
"subject16",24.3735657898,"cond_rad_wheelVision_1.0.csv"
"subject18",96.007204713,"cond_rad_wheelVision_1.0.csv"
"subject19",46.6551173311,"cond_rad_wheelVision_1.0.csv"
"subject2",65.4961731923,"cond_rad_wheelVision_1.0.csv"
"subject20",60.4803211108,"cond_rad_wheelVision_1.0.csv"
"subject21",77.198642289,"cond_rad_wheelVision_1.0.csv"
"subject22",68.6651365104,"cond_rad_wheelVision_1.0.csv"
"subject23",64.292919258,"cond_rad_wheelVision_1.0.csv"
"subject24",134.489207002,"cond_rad_wheelVision_1.0.csv"
"subject25",94.4891888099,"cond_rad_wheelVision_1.0.csv"
"subject26",97.9732518195,"cond_rad_wheelVision_1.0.csv"
"subject3",46.2334402803,"cond_rad_wheelVision_1.0.csv"
"subject4",66.6331928096,"cond_rad_wheelVision_1.0.csv"
"subject5",43.6251146882,"cond_rad_wheelVision_1.0.csv"
"subject6",33.9758065301,"cond_rad_wheelVision_1.0.csv"
"subject7",102.525103573,"cond_rad_wheelVision_1.0.csv"
"subject8",75.182931594,"cond_rad_wheelVision_1.0.csv"
"subject9",149.667667272,"cond_rad_wheelVision_1.0.csv"
"subject1",128.926918253,"cond_rad_wheelVision_1.5.csv"
"subject10",44.6947300184,"cond_rad_wheelVision_1.5.csv"
"subject11",38.0086169111,"cond_rad_wheelVision_1.5.csv"
"subject12",46.0299799955,"cond_rad_wheelVision_1.5.csv"
"subject13",103.463147173,"cond_rad_wheelVision_1.5.csv"
"subject14",69.1687093365,"cond_rad_wheelVision_1.5.csv"
"subject15",33.9930285227,"cond_rad_wheelVision_1.5.csv"
"subject16",31.402717509,"cond_rad_wheelVision_1.5.csv"
"subject18",82.3032074078,"cond_rad_wheelVision_1.5.csv"
"subject19",13.6313152242,"cond_rad_wheelVision_1.5.csv"
"subject2",108.221653518,"cond_rad_wheelVision_1.5.csv"
"subject20",44.8549394056,"cond_rad_wheelVision_1.5.csv"
"subject21",68.3881728805,"cond_rad_wheelVision_1.5.csv"
"subject22",67.8760162263,"cond_rad_wheelVision_1.5.csv"
"subject23",30.8729822913,"cond_rad_wheelVision_1.5.csv"
"subject24",102.746723063,"cond_rad_wheelVision_1.5.csv"
"subject25",3.1449057615,"cond_rad_wheelVision_1.5.csv"
"subject26",72.9806147797,"cond_rad_wheelVision_1.5.csv"
"subject3",60.6243844625,"cond_rad_wheelVision_1.5.csv"
"subject4",74.7292090908,"cond_rad_wheelVision_1.5.csv"
"subject5",37.9674941693,"cond_rad_wheelVision_1.5.csv"
"subject6",30.9903097625,"cond_rad_wheelVision_1.5.csv"
"subject7",69.4337273438,"cond_rad_wheelVision_1.5.csv"
"subject8",61.236289275,"cond_rad_wheelVision_1.5.csv"
"subject9",149.639881982,"cond_rad_wheelVision_1.5.csv"
"subject1",127.454904719,"cond_rad_wheelVision_2.0.csv"
"subject10",64.5238163484,"cond_rad_wheelVision_2.0.csv"
"subject11",36.310965623,"cond_rad_wheelVision_2.0.csv"
"subject12",28.68655863,"cond_rad_wheelVision_2.0.csv"
"subject13",102.571366518,"cond_rad_wheelVision_2.0.csv"
"subject14",65.7991013359,"cond_rad_wheelVision_2.0.csv"
"subject15",38.8218657764,"cond_rad_wheelVision_2.0.csv"
"subject16",44.5475567185,"cond_rad_wheelVision_2.0.csv"
"subject18",104.718311534,"cond_rad_wheelVision_2.0.csv"
"subject19",23.8239433268,"cond_rad_wheelVision_2.0.csv"
"subject2",82.9308331995,"cond_rad_wheelVision_2.0.csv"
"subject20",63.5446664483,"cond_rad_wheelVision_2.0.csv"
"subject21",63.3881911613,"cond_rad_wheelVision_2.0.csv"
"subject22",69.379107899,"cond_rad_wheelVision_2.0.csv"
"subject23",68.8870479567,"cond_rad_wheelVision_2.0.csv"
"subject24",66.2371657295,"cond_rad_wheelVision_2.0.csv"
"subject25",81.558701521,"cond_rad_wheelVision_2.0.csv"
"subject26",79.8243321252,"cond_rad_wheelVision_2.0.csv"
"subject3",37.3753170517,"cond_rad_wheelVision_2.0.csv"
"subject4",87.6989237624,"cond_rad_wheelVision_2.0.csv"
"subject5",46.9136445555,"cond_rad_wheelVision_2.0.csv"
"subject6",59.7389722593,"cond_rad_wheelVision_2.0.csv"
"subject7",95.7102338858,"cond_rad_wheelVision_2.0.csv"
"subject8",69.2224918509,"cond_rad_wheelVision_2.0.csv"
"subject9",138.47971712,"cond_rad_wheelVision_2.0.csv"
"subject1",138.747226172,"cond_rad_wheelVision_2.5.csv"
"subject10",74.5074474848,"cond_rad_wheelVision_2.5.csv"
"subject11",27.7284200532,"cond_rad_wheelVision_2.5.csv"
"subject12",35.644626563,"cond_rad_wheelVision_2.5.csv"
"subject13",132.292071814,"cond_rad_wheelVision_2.5.csv"
"subject14",77.355495808,"cond_rad_wheelVision_2.5.csv"
"subject15",33.3061851315,"cond_rad_wheelVision_2.5.csv"
"subject16",72.0562872731,"cond_rad_wheelVision_2.5.csv"
"subject18",129.041833892,"cond_rad_wheelVision_2.5.csv"
"subject19",64.7387226757,"cond_rad_wheelVision_2.5.csv"
"subject2",110.426929375,"cond_rad_wheelVision_2.5.csv"
"subject20",87.9829097225,"cond_rad_wheelVision_2.5.csv"
"subject21",91.8796167794,"cond_rad_wheelVision_2.5.csv"
"subject22",79.1044907647,"cond_rad_wheelVision_2.5.csv"
"subject23",42.2864395582,"cond_rad_wheelVision_2.5.csv"
"subject24",53.8961846358,"cond_rad_wheelVision_2.5.csv"
"subject25",37.6974125583,"cond_rad_wheelVision_2.5.csv"
"subject26",63.0006495838,"cond_rad_wheelVision_2.5.csv"
"subject3",37.0307859726,"cond_rad_wheelVision_2.5.csv"
"subject4",72.88089841,"cond_rad_wheelVision_2.5.csv"
"subject5",40.9112982152,"cond_rad_wheelVision_2.5.csv"
"subject6",58.9687762571,"cond_rad_wheelVision_2.5.csv"
"subject7",98.7156345648,"cond_rad_wheelVision_2.5.csv"
"subject8",99.3898301285,"cond_rad_wheelVision_2.5.csv"
"subject9",115.162699733,"cond_rad_wheelVision_2.5.csv"
"subject1",125.048578511,"cond_rad_wheelVision_3.0.csv"
"subject10",101.690360155,"cond_rad_wheelVision_3.0.csv"
"subject11",60.5882911674,"cond_rad_wheelVision_3.0.csv"
"subject12",44.9335404703,"cond_rad_wheelVision_3.0.csv"
"subject13",123.877012861,"cond_rad_wheelVision_3.0.csv"
"subject14",74.7899663728,"cond_rad_wheelVision_3.0.csv"
"subject15",66.4299718929,"cond_rad_wheelVision_3.0.csv"
"subject16",49.7000715445,"cond_rad_wheelVision_3.0.csv"
"subject18",136.093643561,"cond_rad_wheelVision_3.0.csv"
"subject19",24.3422899891,"cond_rad_wheelVision_3.0.csv"
"subject2",127.236247495,"cond_rad_wheelVision_3.0.csv"
"subject20",75.8593193438,"cond_rad_wheelVision_3.0.csv"
"subject21",58.7096019485,"cond_rad_wheelVision_3.0.csv"
"subject22",73.2151099252,"cond_rad_wheelVision_3.0.csv"
"subject23",88.6126737567,"cond_rad_wheelVision_3.0.csv"
"subject24",77.5838729515,"cond_rad_wheelVision_3.0.csv"
"subject25",65.517292248,"cond_rad_wheelVision_3.0.csv"
"subject26",75.3411140436,"cond_rad_wheelVision_3.0.csv"
"subject3",71.5553028289,"cond_rad_wheelVision_3.0.csv"
"subject4",105.812376237,"cond_rad_wheelVision_3.0.csv"
"subject5",51.9244024384,"cond_rad_wheelVision_3.0.csv"
"subject6",69.1753523821,"cond_rad_wheelVision_3.0.csv"
"subject7",100.701819641,"cond_rad_wheelVision_3.0.csv"
"subject8",82.4158026507,"cond_rad_wheelVision_3.0.csv"
"subject9",120.865462314,"cond_rad_wheelVision_3.0.csv"
